customer_id,user_type,username,password
994cd3ba-16a0-417a-922f-02ae4391787a,User,jcorker0,"kO7%5,!?"
6887e890-e0b2-440c-a548-ddc5e33278ab,User,nelias1,mA2/1W/{
4fa057df-0af0-4dac-b0ba-0e5edaed630f,User,qandrejs2,dC2&Z~%fy4M(
3596476a-07c3-41dd-9f5d-1bb60d3e1d54,User,kfilpi3,eM8}p$3GM*?G
95205116-5318-4822-934b-538ab84c80d0,User,rwagenen4,mH6~Igz}y|ov\
776a9b7a-55bd-4e31-b2ef-3b442fb726a1,User,fjakubovits5,dA4~!'t(k9yUh
90a4999d-bcc3-4d1b-b3f2-009eeb043172,User,jgirardet6,qC1@g@I}st+
fb571cf4-7c9e-4395-8960-ab8d3ddc2c88,User,nwinskill7,aS5?64q2x=Bm+Pq
979a24ea-20e8-4c22-a2e3-d79ac308d09c,User,mmalafe8,"vW0%RXnkR(,r"
f3e61e5c-5bcf-4251-b66e-fe4c6d8632b6,User,opinnell9,pQ5.sGNCpj3j)(
b1f63253-2f5b-4ace-bcdd-7664c00137b6,User,hbrownrigga,"oL9.""""FX4P.Hbe5!#"
d94b64cb-eb3e-41ed-8d64-38b948a4eaba,User,gtiplerb,gI2\!=LS
ee3e4c28-2066-480a-be9a-c5f63d528357,User,mguppeyc,iG2|@9SvURVr5<Y
769b33a3-28eb-47f5-b81b-20df4fe41435,User,tgiacobbinijacobd,"iA8,CMB6O"
2f5e1d9f-4e54-41d5-89cc-3e42318c324f,User,ldoucettee,"bE6#LL_R`YP&<""""'3"
995fe4c3-6f9d-40b1-bc05-122dd962ce42,User,kbernadotf,iR4%k~n`\x5
2e90bf2f-c4fc-4452-8d2d-b9999bc27585,User,elaterzag,"eY6,17%&&"
134fc756-318f-4262-9c1a-e7bbb6ea3036,User,ymalingh,nY5.99ShLA01#
2e4b56c2-f65b-437b-8fe9-3ba1353e2b98,User,gmossmani,sC7~\VrYVw
5ae2f41a-e69b-4408-aeeb-9bb71ab94d49,User,kpaulyj,yD0@M\WV*
9758c27c-f8d7-4e4a-8d98-aad8cd36048d,User,sregisk,"oS6%4,GdF+68A#F"
e5b0bbb5-67e1-4010-af08-61074a6162ee,User,mwewelll,sX5$1eJnwr
47876efe-d8db-424f-a841-e6522173d02c,User,gcuppleditchm,eA6/@O$h2'7fM\Oj
,Admin,bbrunningn,wP6'RjT#Y>
33f4f1d9-1003-45a3-b131-f3e14f4b96b3,User,rshielo,mQ5~g~@UeC$u+J
e1565084-f7d6-4e17-a535-e0cc171de1d4,User,pjorgesenp,kA7}Q!}Bmv%j
f3616307-e9fd-4a95-8118-27f4ff5559a5,User,lglantonq,vH4&?`9PiV0U
eba85161-99d1-40b9-b23e-96df045f06b6,User,swillshirer,xX2{M1BC
7d3770e8-b4d4-4d31-9296-e0b2526b7c72,User,eschilds,eA3>m!k|RLB
4d07bfcd-b8b8-4535-99e0-cfaa5c7a35e1,User,amathivont,lT4{'hW<.|lW
c723ce76-c550-4ed7-af5b-0107d7da12fc,User,mberkleyu,gO6`4m0&5
430faa41-9bbb-4f99-bea1-6d8f7595fdaf,User,jservantev,hC5(Fm)b8
7012e9e5-c3bb-4af9-9972-832356e34c7f,User,yelsdonw,"gE9""""y64.I"
f957dd7c-8548-424d-9d7d-026c5364bb3d,User,tdominicaccix,"kP7,\d}oVaz1ZRj"
9406df53-9db4-41ac-b430-cce5ce85ba7e,User,eleacocky,rJ2'@LA&n
7711ed1e-dd04-4508-aa63-05d364cb2e59,User,ccastledinez,qP4>B<blN6T#k
671784d5-0bc5-40f9-8904-9681a3ec00c3,User,mbeadle10,fQ6}p>ZN/
48b20902-6b29-4155-a4b8-28cd929d01c4,User,tchallis11,"yB6$=,&q"
f32657c3-9ccc-4fc0-b4cf-8e2f46f2e572,User,aperegrine12,xG8_6ucS
6f4e2382-4122-4432-8a7b-053f7fffd87e,User,kguesford13,"dO4>H9&xo""""qt"
6ca8a5ea-721a-4f5f-ae29-0a2f5d9ab947,User,lferrie14,kA2=<&4~Z@QDc32i
ea7fb0bd-7f53-41a2-b7a4-f857cf6309c6,User,dmcgerraghty15,"wM5*ism""""Gt86.4O"
39d5f2e7-242f-440c-93ba-16f38de5744c,User,mharnett16,rM2#Mw8X0=2w8h
f8cc30aa-b851-456d-98b6-a015476bb878,User,taspland17,aG5(0_g!9C
63c2645d-e8e2-4111-a8fd-7b6ffa8ff16f,User,eshivell18,oX9{mTUAXp
417149a8-7e8d-4617-90dc-105241bca718,User,sgrinston19,jT5>n+Gd~s+
cf9567b4-698f-47b1-b13e-6b8bfc1403a6,User,zrolfi1a,eG1<g(H)
b16d0c21-f342-4299-bff7-a6d65e0a171b,User,ngourlay1b,bH7)qai(
a43d2762-90b0-423d-9b68-9b4cbe62b07c,User,imoyser1c,cH2`_nj\Yam
d9065100-4fe0-475a-b4a5-868437713502,User,jpendry1d,tL9+hO>3\W${v
6abf3c8d-48ac-456e-97c1-01f0a28172ad,User,sobrogan1e,gE1<fvf!@v*XYAi<
7e01bd8c-05c8-4af6-834d-dd46797682c0,User,aguillot1f,mY5.GDKJ_ph
04665d85-aa40-42cf-8d54-d3838e4d3d8a,User,plevin1g,eH4&R3YnU
70f4b5d0-f7b8-4dad-99cd-07d2630c51e8,User,mwalbridge1h,"qK1>T,'a&M4,8x$,"
b45f52fb-7937-4e28-ac0f-95d72a855a11,User,caspinell1i,xA6!7=pA1LOhePh
99a8192e-22ab-49c1-a95a-9ff23579432a,User,cblunsen1j,vD5>#lZv
6b08ec3a-ef94-4c09-9347-f05ed26b2feb,User,mcabble1k,wI3#z2U31XC6iH
31778595-3e17-4876-a6fe-a95eaa0e0d98,User,cguidelli1l,zY9__Bx&n(A
c897b6f5-5926-4c43-b8d0-385a92832e3e,User,tsouness1m,"bL0?D},BQ~t%p"
b25e51e2-ddcb-44f3-a47e-056f22b6d767,User,valywin1n,"wE4`KD=Qq""""A({"
2076e65d-efc1-4713-b8a0-1b9e263af406,User,pboydon1o,fO0'xRY|6Vvo
e45267d1-af40-4327-8974-38ef80086193,User,kshilton1p,"kX0&F\Nptc.0""""@P"
a53db349-5937-4b24-92dd-da48584948d0,User,acalladine1q,"gM5""""`c<+"
e37a88fb-7eaa-4aa1-b542-8f87f42006a6,User,spaunsford1r,qC3}jh8a}Y
d8e07755-7a2a-40f6-aca8-01d8d0a4a729,User,rsperrett1s,lB6%m_gHcs
abe5bccb-f7fd-4e40-a6ad-bc55f8b8f946,User,kwarrington1t,eX8%e.3GMc|})ttX
294ff0e8-e21b-4974-88bb-44ba5eaf0239,User,rallward1u,jY1=qQo{GGoE9Pi
de3f01b3-4899-4abb-aa54-025acf6695c8,User,osamsworth1v,hQ0=i'|t
1a9803bb-9a36-40b4-b60e-085f6b8a4445,User,bboomes1w,cF6_97kJb0zS
843f77ac-71c3-457b-bfc5-669a06c27023,User,plethieulier1x,"fT2<#se%U,L#4&9d"
a4e9bd99-b132-4279-8e64-2d887c17e49e,User,cwrought1y,gV3&z@r}}@Y
0b61812b-47cd-41f4-a0fd-ef95c2c15fdc,User,wliversedge1z,xJ3|X\~Bt(Bo6
1f786b52-23c4-4967-992c-7463cc3d649f,User,smadders20,wF8|gGJVvK7Y(=
c932d2c3-7952-4b9c-b70d-b9ccc5768dac,User,mkinmond21,jC3$CFS#
c9707129-d53c-4e44-804c-864fb149cb00,User,ghutchason22,zI8=r/Du4Tay%
705d826a-27f3-4e77-b7e7-a55b359a26fa,User,croizin23,fT2}~2mh
52209716-88a2-4142-88cb-7761084bbb0e,User,kskewes24,qU0%B4a9/R%
02ebc286-5881-4e94-b700-dbc8d9824493,User,aleteve25,bG9.zPmQ<Y
5245425c-f962-4b14-b034-c2366c485259,User,mpatry26,"qK8)R$<K,i},_K"
bb4f0c7d-e7f0-4fe1-a0db-6766264acb8a,User,hvernalls27,kI9_OMA~zTvT*
9fcfac63-0da2-4c5c-b304-b375d713b947,User,wjaimez28,uT7|Ph3upS
d21a5bca-f066-4531-b98e-9a348f1be8f7,User,docannon29,tE7`!i!eNZVSU@j
600c3049-4f8f-4e64-8597-e862fe7b29f3,User,pchristophers2a,yO3%bYX`
e44e7b67-a96d-491f-8fe2-fe2a5a390e0a,User,zcarles2b,"eE2$r""""6(Cz"""""
a8d0e3a4-1860-49c5-97fa-fb12c5ee3543,User,ieggers2c,wF8.~<0m
b8fb0402-7aa7-4ce7-b4be-9e97d2be121f,User,tparres2d,qJ1#@XC=cSPM?
41f389cd-749f-4bbf-b9e6-a5b98d47b163,User,duttermare2e,oI3}Ns6fhLQ0r@8f
d0db89a3-a52c-4c32-91ae-3ebf83111d92,User,vgaskin2f,pJ9)0m|k
156727be-fbfd-442e-89d1-7b1ce8de93af,User,lmckernon2g,nF6.&|WJ1a}
b833bce0-270f-4de1-a57b-71d2ae4a938f,User,mgalero2h,fE7!YNxVO({M
e4a6c651-f2c2-466a-896c-456e56b7bb91,User,pdalziell2i,xF2>s!EJu
f988e150-0919-4d62-8a25-acc443d18aa8,User,bsueter2j,xE7&2/MTtEX
85898427-d178-4c34-a1cb-c3b6239d6cf2,User,bedards2k,"oV1\2Ms!x""""=pM"
ef09e6ef-959a-46e8-b6f9-9ed8c8ae7a42,User,fferriere2l,"mS3.B).M,fTTVUZi"
30ada524-9037-4705-bcf1-8fbfef5671d7,User,adutson2m,kD9@@f*S@Lf#<
09a2b24f-f2cb-4615-b9fa-17e8637cda32,User,nfost2n,aQ2|?{Y9~
ec8e5212-ddea-47e9-bba9-9b7af0570d90,User,bickovici2o,bF6/?KQ8@WNDKS$
af89bfae-08c5-4579-8dd8-e39d8975029f,User,spiche2p,bX9_&kz<YhoH<rQ
0ebd9143-d35a-4c90-9587-2cbf9af21547,User,fwittering2q,sM0~Rou(/x9|\d}L
359ed037-95ab-43f7-ada5-c9f2e372069a,User,bcanto2r,cT7#/)7hDGw
e439c804-444c-4908-b158-8f0295af592b,User,aelkin2s,uD7\.kAG|5B
70492aad-a106-427a-9483-85e6186a3119,User,gsemple2t,bL0/k>ZHsS*
ff48626b-93e3-4378-a6d0-30f82984638f,User,lswadling2u,kK7>CXw=EsWqyw{f
3292bc68-b41e-4a05-bcef-5977b6d163b2,User,bdemongeot2v,nT5'bti~14pG
0b8f993e-bc86-4935-b03d-8309d648e496,User,kdunsford2w,eE8%1q*iH#stY*\
666225bb-3138-4f1d-b593-417c0a5105df,User,ucansfield2x,"mY6'"""")K.r8D9BX"
fa19de4d-574c-4579-bc3d-0c6ebfbd8d7b,User,rjorger2y,"oY9,>zBrz8lb<"
e4b751ac-ef7f-4e14-81cc-ee688a917fc0,User,kmill2z,mX2'L765
417cd010-83a5-46d8-926a-e820514b0854,User,acuppleditch30,"bN4&'g<RHb,,d"
ea9b707a-d709-41ea-adc6-fa737d60acdb,User,swaycot31,hU5\_@*Vge9r}~rd
26cbf121-06c5-4bbf-84c5-1ee52692cc06,User,martist32,fG1%(TRu
cc7088b1-33be-472c-b082-d222b34628d6,User,dbillson33,yO4<V#1WE
303313d8-45d8-4e89-85e1-52c5606594db,User,rmuston34,bM7/`@>0CNU`UG
356971cc-7cdf-44d3-b758-4c9dcf453553,User,afinlow35,hD7&UJETkDP{
08a3c94f-f873-4707-a919-23d6d4f4fe80,User,ssyalvester36,lF8.8\{kX$o
e53f2326-3123-4852-8182-faf934ee3494,User,dkinforth37,gX7??6J#@fE=Nk
c080add9-daf4-4ec8-a335-2531b59e05ef,User,bchetham38,"bK4'rbP6>hb{|"""""
8e52689f-14d8-475e-adbf-dd036af39ec1,User,fdoby39,bH7|KAN@3N}M6SU
095ce310-4826-4c11-8ff4-1a8269ed0e08,User,sbushaway3a,wG3&~JU@Gt\GPmfJ
801a8e1b-e047-48eb-85d4-65b2a67bda99,User,mgerleit3b,zK0%eiwCC(L
8e198010-bbdf-4578-a5fd-40716af28c45,User,ajeaffreson3c,yJ9+!IvE>ZM
a3d9e5f9-6613-4146-b6a7-275bff115946,User,jskamell3d,"kF2{WE.""""nm0LA"
dd5756b1-e252-4baf-a977-0ff2d9a5e6ee,User,celves3e,"wT4|,*JBuuOPd&"
632330a9-d582-4ca6-a6e1-4821faa2d772,User,asalvati3f,uL4/7=lHVo
1b0d2425-24d8-4849-9f29-87aeb303fbdb,User,ahachette3g,lA3@k(RLb`w
be590c29-f00f-4e02-9b7c-333b7831c074,User,mburkert3h,oT8++J<F!P@)qe
b83459ee-b292-416c-8047-7fc62a38c61f,User,fjoburn3i,"iG8@~'l,>"
23f607ae-5c7d-41d9-8e8f-52a059b93185,User,vpawlick3j,oB9+u{7OPo/w&lQ
e6e2cf54-aa95-42bf-8c16-31dd737f8c60,User,tstrase3k,eY1=lp|zn(VuF2@
1117bd34-e5d3-4694-ba3e-3defc1b44b24,User,brennard3l,lA6'qFk2=~ou
49b68c1a-5e2c-4bb1-9755-da5792160387,User,lscantlebury3m,hK0#S/1KoI(
550cb428-8257-4d82-a758-36c41bb89ac7,User,cbloom3n,iQ7_PHAMx>kl2#37
43c443ee-cabe-4f37-b127-da7b231cd4e4,User,hrylett3o,lD7.M(LPU*%W?kM@
1104fd44-54fe-4fd5-943f-c84b11643a87,User,fhathaway3p,uJ6!k=EtwkW\#7
c4b397d5-9475-4fd6-9772-950290ec7291,User,gwisam3q,zL3!bateYlkX(
2fff3a40-9624-4475-a820-09835fa98b6e,User,dmacauley3r,"iU4{K{W7#*""""M""""Z"
b603fa8c-3139-4f32-9feb-24d5486523d9,User,fseakin3s,eS8=mu_nk3
,Admin,vworsnip3t,"zA1,'`x_!kvoc"
699e27da-95af-402b-920c-06063f56d4b7,User,hhardinge3u,jT5<pqlhCRX
83ae2b2e-9fe7-43d4-9d87-79875876e1fc,User,mulyat3v,vC9\r`>p'
2ee72425-e7b2-49c7-9b4f-b899d412e575,User,fsante3w,rL6%8t$S)f1.&nRz
20a07982-5618-4825-89b7-3dabc3fb1e94,User,norring3x,pH7`B0Egz=GX
933a5b2d-0637-49ec-bb1f-5cf9ad29279d,User,rgreedy3y,kA4{0|w_\9C@aVW
ca6c75e6-ccd7-4778-8b02-50c777e6e138,User,branscomb3z,vK1<Qbko(4A/zx
4ea109c2-215a-498a-bce5-050856898823,User,sblacksell40,tH0?wW#=h?qm$
551d5e4c-a73d-416b-8131-cda4e23c98f4,User,cmorot41,kE8)*ZZtG1
7888740b-29af-40f8-85b6-3ecb95600af0,User,wnunnerley42,"sU6>xd'1@,"
c09a0dc6-46aa-4284-bcde-c8af36e82025,User,aamis43,rD9*v8oa*cvy7Vb
49e4e4b8-9617-4eef-8250-8df11b44206d,User,vcosbee44,gS4>YtLXjwX@p
b03d0010-7a99-4132-bc0c-68073a7931f7,User,igaven45,hC9}~O63GP{@9
fc7ce130-4f5a-41f4-8b17-32ce804cd256,User,esuatt46,"bH6(L,y~}\K)/bQ'"
85a7e7c7-1492-433d-991b-d1956bd79ba6,User,bdobbins47,iN6>/VDCjF3
a04af230-2350-47aa-ab3a-4e80858cda22,User,nrecords48,fK9.gMIE
a1a70af5-09df-41d8-a07d-36922089ec49,User,mmarwick49,vV5\E{EE+X%!v
02927582-1e71-44df-97f3-9945085abd50,User,sdarmody4a,"bN3!@B,3c<b"
ce07b413-f156-4619-b876-77170f390271,User,klowdyane4b,sI3$3S'Sx*!uuz)
feebbbbb-73c6-4140-888e-c29f9379dcfb,User,cverity4c,bH2(v}rxEeM_W
5f86b3f0-e8bd-40ef-a214-e34e6a860a5e,User,sjellett4d,wJ1\yS!ZACU|2Me
489414b5-2ce1-4b2a-b381-34db66c45e15,User,ksorensen4e,nD9=P=DZYO<yOB
2f1b71ec-2a47-4e73-a694-fc7712124c95,User,cglennon4f,cC7'78|#
7541bad3-d014-4bde-8454-ffe026873e81,User,cparidge4g,"vS7,/7A!U"
1262bd82-e543-4666-a6ba-af60a3b847a2,User,nadamczyk4h,dD4'{=3z
dfa3106b-8c73-4cd1-8f37-0d98fa46b6f8,User,dwakefield4i,"uS3<KTEUJ7""""oqO1Q"
d1b1ac86-2477-447d-8f6c-e1a78fdd941d,User,mgoakes4j,"gT2,*n(6yo}|b"
72cef61b-d07a-46c5-9edb-0c2462a1d8de,User,rduke4k,eJ7$57VL_ifG8XFL
c43192dc-b40a-452f-9380-fe28bdd67144,User,mbartle4l,cP3><JFJE5bTSjsc
16579966-1231-4364-9994-3e349b9694d4,User,mbeagen4m,nP5_V~Lt
490107df-661d-47ac-99cf-bdb0f3d87697,User,aspilisy4n,"sZ9@Gdj_`,Mq7"
2a143248-cdbe-4c1e-9b86-e1c7ad4b381c,User,smeaking4o,kU6{kg!1b
a7de7d8c-d842-4fcc-b09a-b46129be870c,User,lferrey4p,vK3.2~>~
20632acd-e528-46f2-8526-754904b116a8,User,tfairbeard4q,"nN5!23b3`""""I'I"
34cca796-0caf-4abe-a938-c24eca1ef0ef,User,tgeering4r,"aZ5,2TAjCij\!"
d4c2c754-4863-4320-917d-2eade3fefc32,User,lneville4s,hO9\}5Z*x{D)L
5a0c54c8-77a8-4171-840b-bdc8a96ab194,User,vtookey4t,"cQ6'""""MDRdY"
47eebafe-3251-4114-8a80-db0b4a23a0b3,User,ebehninck4u,iA5)4a?'
,Admin,nbedberry4v,dK0/|37EP3Z6>v
81790f1e-2830-4ecc-8324-dc07c0025e76,User,nsnowding4w,gN7?3>~tH
0eb39fc7-54c4-4d47-9c5b-8328a941cae6,User,pdaelman4x,pH4<l1BAgC
0222d469-c56b-4bd8-8536-967210739a6d,User,bsherr4y,"aZ0~,No9*Y5*HAdR"
fecd663e-a8f8-4680-9523-88477ee6f018,User,fchubb4z,lB0<5{m=2=3ET
268e477f-cc02-44e7-be5f-d9d8c90175b5,User,tdinwoodie50,lS1{?+%_'e<z5d
d77dbd8a-b2a7-4f31-bed2-5f1da6a4633b,User,cputley51,iS8$3'TuefHsnF
8e161f37-7881-420a-baff-3a2477c4219f,User,ltompkiss52,mU3_KV2</T
020a2601-4b59-4296-956f-97b7cad00150,User,mbaudesson53,sN4$fGM8
b26086d7-561c-46f8-9128-97e3e1756d64,User,ocoultar54,"uM6*5Q{MC>=*'Eu,"
f7877488-5c0f-4ece-b9c3-eae1a294f27d,User,kjanca55,"uG9)""""QF1g"
1520bc3b-d6ce-450b-afa2-42d6b8530cb9,User,vbricket56,dH9}qr*)?{)sRCP
20655f5a-645a-40aa-a6c4-d6345c4ce4c5,User,echisman57,"wX2!eyL_2,/3ckm"
d45105f9-2358-4879-8b51-2f24e09ce37c,User,tswinburn58,qS8\q3xq{.PerY
,Admin,lgrogor59,vO7|_zXAmP
609a9f4c-609f-41e2-819f-3fb8154a408d,User,ehandscombe5a,qH3/)pkS
ade88c75-b7ba-4283-b602-41107eb34589,User,dsedgmond5b,iH8}ZvR`}_<5
13c30648-3b7c-4331-ab9a-68aae712eff0,User,scogzell5c,uW9`yAEg
2243398b-97ce-4d8b-8f79-e5f755222af6,User,ataree5d,xU5``WQH/<}_{
6b8a6805-0d38-45a5-910f-643a311a9c85,User,jguerre5e,"uX9""""""""2CP2/"
a1655d73-02be-4679-a897-60274dab758c,User,rerratt5f,"iQ9=IQF+,bylMWD"
27458085-d0f5-4147-b6ca-360fd10bc614,User,areap5g,gD0%ug{<KL&yrHg
95951793-e6be-4f0e-a311-9c481a56d9f3,User,gtull5h,eO1%Gf!*e
8be0eba4-1019-4101-85c3-28a631654082,User,hbarense5i,sY6*Urrx
871d7e5a-9eea-403d-8c72-e5f34fff6e6d,User,mbeasleigh5j,eP7_B<b<Fs